"ID_PROGRAM","ID_OS","ID_DZL","NAZWA"
1,1,4702,"Promotion of local culture and history"
1,1,4703,"Promotion and preservation of natural heritage"
1,2,4704,"Improvement and development of transport services and infrastructure"
1,2,4705,"Development of ICT infrastructure"
1,3,4706,"Support to the development of health protection and social services"
1,3,4707,"Addressing common security challenges"
1,4,4708,"Support to border efficiency and security"
1,4,4709,"Improvement of border management operations, customs and visas procedures"
1,5,4710,"Technical Assistance"
2,6,4711,"Cooperating on historical, natural and cultural heritage for their preservation and cross-border developmen"
2,7,4712,"Cooperation for the clean natural environment in the cross-border area"
2,8,4713,"Accessible regions and sustainable cross-border transport and communication"
2,9,4714,"Technical Assistance"
3,10,4715,"Zwiększenie poziomu zrównoważonego wykorzystania dziedzictwa kulturowego i przyrodniczego przez odwiedzających i mieszkańców"
3,11,4716,"Zwiększanie mobilności transgranicznej poprzez usprawnienie połączeń transgranicznych"
3,11,4717,"Zwiększanie dostępności trans granicznej obszaru pogranicza poprzez rozwój transportu multimodalnego"
3,12,4718,"Poprawa jakości transgranicznej edukacji specjalistycznej i zawodowej"
3,13,4719,"Zapewnienie wysokiej jakości zarządzania i efektywnego wdrażania Programu"
4,14,4720,"Zwiększenie atrakcyjności obszaru wsparcia poprzez utrzymanie i świadome wykorzystanie potencjału wspólnego dziedzictwa kulturowego i naturalnego"
4,15,4721,"Poprawa jakości połączeń drogowych do przejść granicznych"
4,16,4722,"Wzmocnienie powiązania i rozszerzenie wspólnej polsko-niemieckiej oferty edukacyjnej"
4,17,4723,"Intensyfikacja instytucjonalnej i partnerskiej współpracy pomiędzy obywatelami i instytucjami we wszystkich obszarach życia społecznego na rzecz rozwoju obszaru pogranicza"
4,18,4724,"Zapewnienie sprawnego i efektywnego systemu zarządzania Programem"
5,19,4725,"Projekty B+R przedsiębiorstw"
5,19,4726,"Sektorowe programy B+R"
5,19,4727,"Prace B+R finansowane z udziałem funduszy kapitałowych"
5,20,4728,"Wsparcie inwestycji w infrastrukturę B+R przedsiębiorstw"
5,20,4729,"Otwarte innowacje - wspieranie transferu technologii"
5,20,4730,"Proinnowacyjne usługi dla przedsiębiorstw"
5,20,4731,"Współpraca w ramach krajowego systemu innowacji"
5,20,4732,"Programy akceleracyjne"
5,21,4733,"Finansowanie innowacyjnej działalności MŚP z wykorzystaniem kapitału podwyższonego ryzyka"
5,21,4734,"Wsparcie wdrożeń wyników prac B+R"
5,21,4735,"Wsparcie promocji oraz internacjonalizacji innowacyjnych przedsiębiorstw"
5,22,4736,"Badania naukowe i prace rozwojowe"
5,22,4737,"Rozwój nowoczesnej infrastruktury badawczej sektora nauki"
5,22,4738,"Międzynarodowe Agendy Badawcze"
5,22,4739,"Zwiększanie potencjału kadrowego sektora B+R"
5,23,4740,"Pomoc techniczna"
6,24,4741,"Wspieranie wytwarzania i dystrybucji energii pochodzącej ze źródeł odnawialnych"
6,24,4742,"Promowanie efektywności energetycznej i korzystania z odnawialnych źródeł energii w przedsiębiorstwach"
6,24,4743,"Wspieranie efektywności energetycznej w budynkach"
6,24,4744,"Rozwijanie i wdrażanie inteligentnych systemów dystrybucji działających na niskich i średnich poziomach napięcia"
6,24,4745,"Efektywna dystrybucja ciepła i chłodu"
6,24,4746,"Promowanie wykorzystywania wysokosprawnej kogeneracji ciepła i energii elektrycznej w oparciu o zapotrzebowanie na ciepło użytkowe"
6,24,4747,"Kompleksowa likwidacja niskiej emisji na terenie województwa śląskiego"
6,25,4748,"Adaptacja do zmian klimatu wraz z zabezpieczeniem i zwiększeniem odporności na klęski żywiołowe, w szczególności katastrofy naturalne oraz monitoring środowiska"
6,25,4749,"Gospodarka odpadami komunalnymi"
6,25,4750,"Gospodarka wodno-ściekowa w aglomeracjach"
6,25,4751,"Ochrona przyrody i edukacja ekologiczna"
6,25,4752,"Poprawa jakości środowiska miejskiego"
6,26,4753,"Rozwój drogowej i lotniczej sieci TEN-T"
6,26,4754,"Rozwój transportu morskiego, śródlądowych dróg wodnych i połączeń multimodalnych"
6,27,4755,"Zwiększenie dostępności transportowej ośrodków miejskich leżących w sieci drogowej TEN-T i odciążenie miast od nadmiernego ruchu drogowego"
6,27,4756,"Zwiększenie dostępności transportowej ośrodków miejskich leżących poza siecią drogową TEN-T i odciążenie miast od nadmiernego ruchu drogowego"
6,28,4757,"Rozwój kolejowej sieci TEN-T"
6,28,4758,"Rozwój transportu kolejowego poza TEN-T"
6,29,4759,"Rozwój publicznego transportu zbiorowego w miastach"
6,30,4760,"Rozwój inteligentnych systemów magazynowania, przesyłu i dystrybucji energii"
6,31,4761,"Ochrona dziedzictwa kulturowego i rozwój zasobów kultury"
6,31,4762,"Ochrona zabytków"
6,32,4763,"Infrastruktura ratownictwa medycznego"
6,32,4764,"Infrastruktura ponadregionalnych podmiotów leczniczych"
6,33,4765,"Pomoc techniczna"
7,34,4766,"Wyeliminowanie terytorialnych różnic w możliwości dostępu do szerokopasmowego internetu o wysokich przepustowościach"
7,35,4767,"Wysoka dostępność i jakość e-usług publicznych"
7,35,4768,"Cyfryzacja procesów back-office w administracji rządowej"
7,35,4769,"Cyfrowa dostępność i użyteczność informacji sektora publicznego"
7,36,4770,"Działania szkoleniowe na rzecz rozwoju kompetencji cyfrowych"
7,36,4771,"Innowacyjne rozwiązania na rzecz aktywizacji cyfrowej"
7,36,4772,"e-Pionier - wsparcie uzdolnionych programistów na rzecz rozwiązywania zidentyfikowanych problemów społecznych lub gospodarczych"
7,36,4773,"Kampanie edukacyjno-informacyjne na rzecz upowszechnienia korzyści z wykorzystania technologii cyfrowych"
7,37,4774,"Sprawne zarządzanie i wdrażanie POPC"
7,37,4775,"Spójny i skuteczny system informacji i promocji"
7,37,4776,"Wzmocnione kompetencje beneficjentów w procesie przygotowania i realizacji projektów"
8,38,4777,"Wsparcie zatrudnienia"
8,38,4778,"Wsparcie stanowiska pracy"
8,39,4779,"Wsparcie instytucji"
8,40,4780,"Skuteczni beneficjenci"
8,41,4781,"Spójna oraz skuteczna informacja i promocja"
9,42,4782,"Platformy startowe dla nowych pomysłów"
9,42,4783,"Internacjonalizacja MŚP"
9,42,4784,"Ponadregionalne powiązania kooperacyjne"
9,42,4785,"Wzór na konkurencję"
9,43,4786,"Zrównoważony transport miejski"
9,43,4787,"Infrastruktura drogowa"
9,44,4788,"Infrastruktura kolejowa"
9,45,4789,"Wsparcie procesu wdrażania oraz promocja Programu"
10,46,4790,"Wsparcie osób młodych pozostających bez pracy na regionalnym rynku pracy - projekty pozakonkursowe"
10,46,4791,"Wsparcie osób młodych na regionalnym rynku pracy - projekty konkursowe"
10,46,4792,"Wsparcie osób młodych znajdujących się w szczególnie trudnej sytuacji"
10,46,4793,"Młodzież solidarna w działaniu"
10,48,4794,"Równość szans mężczyzn i kobiet we wszystkich dziedzinach, w tym w dostępie do zatrudnienia, rozwoju kariery, godzenia życia zawodowego i prywatnego"
10,48,4795,"Wsparcie na rzecz zarządzania strategicznego przedsiębiorstw oraz budowy przewagi konkurencyjnej na rynku"
10,48,4796,"Zapewnienie dostępności i jakości usług rozwojowych świadczonych na rzecz przedsiębiorstw i pracowników"
10,48,4797,"Modernizacja publicznych i niepublicznych służb zatrudnienia oraz lepsze dostosowanie ich do potrzeb rynku pracy"
10,48,4798,"Skuteczna pomoc społeczna"
10,48,4799,"Wysoka jakość polityki na rzecz włączenia społecznego i zawodowego osób niepełnosprawnych"
10,48,4800,"Zwiększenie szans na zatrudnienie osób szczególnie zagrożonych wykluczeniem społecznym"
10,48,4801,"Rozwój usług społecznych świadczonych w środowisku lokalnym"
10,48,4802,"Rozwój ekonomii społecznej"
10,48,4803,"Wysoka jakość systemu oświaty"
10,48,4804,"Zapewnienie funkcjonowania Zintegrowanego Rejestru Kwalifikacji"
10,48,6643,"Przejrzysty i spójny Krajowy System Kwalifikacji"
10,48,6644,"Kształcenie i szkolenie zawodowe dostosowane do potrzeb zmieniającej się gospodarki"
10,48,6645,"Usprawnienie procesu stanowienia prawa"
10,48,6646,"Usprawnienie procesów inwestycyjno-budowlanych i planowania przestrzennego"
10,48,6661,"Zwiększenie wiedzy o potrzebach kwalifikacyjno-zawodowych"
10,48,6662,"Rozwój narzędzi dla uczenia się przez całe życie"
10,48,6663,"Skuteczny wymiar sprawiedliwości"
10,48,6664,"Wysokiej jakości usługi administracyjne"
10,48,6665,"Wysokiej jakości dialog społeczny w zakresie dostosowania systemów edukacji i szkolenia do potrzeb rynku pracy"
10,48,6666,"Poprawa zarządzania, rozwój kapitału ludzkiego oraz wsparcie procesów innowacyjnych przedsiębiorstw"
10,49,6647,"Kompetencje w szkolnictwie wyższym"
10,49,6648,"Studia doktoranckie"
10,49,6649,"Umiędzynarodowienie polskiego szkolnictwa wyższego"
10,49,6650,"Kompleksowe programy szkół wyższych"
10,49,6651,"Wsparcie reorientacji zawodowej pracowników uczelni"
10,49,6667,"Zarządzanie w instytucjach szkolnictwa wyższego"
10,50,6668,"Innowacje społeczne"
10,50,6669,"Programy mobilności ponadnarodowej"
10,50,6670,"Współpraca ponadnarodowa"
10,51,6652,"Wysoka jakość kształcenia na kierunkach medycznych"
10,51,6671,"Programy profilaktyczne"
10,51,6672,"Działania projakościowe i rozwiązania organizacyjne w systemie ochrony zdrowia ułatwiające dostęp do niedrogich, trwałych oraz wysokiej jakości usług zdrowotnych"
10,51,6673,"Kompetencje zawodowe i kwalifikacje kadr medycznych"
10,51,6674,"Rozwój usług pielęgniarskich"
10,52,6653,"Pomoc techniczna"
11,53,4830,"Wzmacnianie potencjału B+R i wdrożeniowego uczelni i jednostek naukowych"
11,53,4831,"Innowacyjne przedsiębiorstwa"
11,53,4832,"Rozwój przedsiębiorczości"
11,53,4833,"Internacjonalizacja przedsiębiorstw"
11,53,4834,"Rozwój produktów i usług w MŚP"
11,54,4835,"E-usługi publiczne"
11,55,4836,"Produkcja i dystrybucja energii ze źródeł odnawialnych"
11,55,4837,"Efektywność energetyczna w MŚP"
11,55,4838,"Efektywność energetyczna w budynkach użyteczności publicznej i sektorze mieszkaniowym"
11,55,4839,"Wdrażanie strategii niskoemisyjnych"
11,55,4840,"Wysokosprawna kogeneracja"
11,56,4841,"Gospodarka odpadami"
11,56,4842,"Gospodarka wodno-ściekowa"
11,56,4843,"Dziedzictwo kulturowe"
11,56,4844,"Ochrona i udostępnianie zasobów przyrodniczych"
11,56,4845,"Bezpieczeństwo"
11,57,4846,"Drogowa dostępność transportowa"
11,57,4847,"System transportu kolejowego"
11,58,4848,"Inwestycje w infrastrukturę społeczną"
11,58,4849,"Inwestycje w infrastrukturę zdrowotną"
11,58,4850,"Rewitalizacja zdegradowanych obszarów"
11,59,4851,"Inwestycje w edukację przedszkolną, podstawową i gimnazjalną"
11,59,4852,"Inwestycje w edukację ponadgimnazjalną, w tym zawodową"
11,60,4853,"Projekty powiatowych urzędów pracy"
11,60,4854,"Wsparcie osób poszukujących pracy"
11,60,4855,"Samozatrudnienie, przedsiębiorczość oraz tworzenie nowych miejsc pracy"
11,60,4856,"Godzenie życia zawodowego i prywatnego"
11,60,4857,"Przystosowanie do zmian zachodzących w gospodarce w ramach działań outplacementowych"
11,60,4858,"Zwiększenie konkurencyjności przedsiębiorstw i przedsiębiorców z sektora MMŚP"
11,60,4859,"Aktywne i zdrowe starzenie się"
11,61,4860,"Aktywna integracja"
11,61,4861,"Dostęp do wysokiej jakości usług społecznych"
11,61,4862,"Dostęp do wysokiej jakości usług zdrowotnych"
11,61,4863,"Wspieranie gospodarki społecznej"
11,62,4864,"Zapewnienie równego dostępu do wysokiej jakości edukacji przedszkolnej"
11,62,4865,"Zapewnienie równego dostępu do wysokiej jakości edukacji podstawowej, gimnazjalnej i ponadgimnazjalnej"
11,62,4866,"Poprawa dostępności i wspieranie uczenia się przez całe życie"
11,62,4867,"Dostosowanie systemów kształcenia i szkolenia zawodowego do potrzeb rynku pracy"
11,63,4868,"Pomoc techniczna"
12,64,4869,"Publiczna infrastruktura na rzecz badań i innowacji"
12,64,4870,"Promowanie inwestycji przedsiębiorstw w badania i innowacje"
12,64,4871,"Wsparcie przedsiębiorczości akademickiej"
12,64,4872,"Wsparcie rozwoju przedsiębiorczości"
12,64,4873,"Opracowywanie i wdrażanie nowych modeli biznesowych dla MŚP"
12,64,4874,"Wpieranie tworzenia i rozszerzania zaawansowanych zdolności w zakresie rozwoju produktów i usług"
12,65,4875,"Wysoka dostępność i jakość e-usług publicznych"
12,65,4876,"Cyfrowa dostępność i użyteczność informacji sektora publicznego oraz zasobów nauki, kultury i dziedzictwa regionalnego"
12,66,4877,"Wspieranie wytwarzania i dystrybucji energii pochodzącej ze źródeł odnawialnych"
12,66,4878,"Efektywność energetyczna w przedsiębiorstwach"
12,66,4879,"Efektywność energetyczna w sektorze publicznym i mieszkaniowym"
12,66,4880,"Zrównoważona mobilność miejska i promowanie strategii niskoemisyjnych"
12,66,4881,"Efektywność energetyczna i gospodarka niskoemisyjna w ramach ZIT"
12,67,4882,"Przeciwdziałanie zagrożeniom"
12,67,4883,"Gospodarka odpadami"
12,67,4884,"Rozwój infrastruktury wodno-ściekowej"
12,67,4885,"Ochrona i rozwój zasobów kultury"
12,67,4886,"Ochrona przyrody"
12,67,4887,"Ochrona środowiska naturalnego i zasobów kulturowych na obszarze ZIT"
12,68,4888,"Infrastruktura drogowa"
12,68,4889,"Infrastruktura kolejowa"
12,69,4890,"Inwestycje w infrastrukturę zdrowotną i społeczną"
12,69,4891,"Rewitalizacja obszarów miejskich i ich obszarów funkcjonalnych"
12,69,4892,"Inwestycje w infrastrukturę edukacyjną"
12,69,6793,"Rewitalizacja oraz inwestycje w infrastrukturę edukacyjną w ramach ZIT"
12,69,6816,"Rozwój potencjału endogenicznego regionu"
12,70,6794,"Rozwój lokalny kierowany przez społeczność"
12,71,6795,"Podniesienie aktywności zawodowej osób bezrobotnych poprzez działania powiatowych urzędów pracy"
12,71,6796,"Wsparcie przedsiębiorczości i samozatrudnienia w regionie"
12,71,6797,"Godzenie życia zawodowego i rodzinnego"
12,71,6798,"Rozwój pracowników i przedsiębiorstw MŚP w regionie"
12,71,6817,"Wspieranie aktywności zawodowej w regionie"
12,71,6818,"Zdrowy i aktywny region"
12,72,6799,"Włączenie społeczne i rozwój usług opiekuńczych w ramach ZIT"
12,72,6800,"Włączenie społeczne"
12,72,6801,"Rozwój usług zdrowotnych i społecznych"
12,72,6802,"Wzmocnienie sektora ekonomii społecznej"
12,73,6803,"Kształcenie ogólne i zawodowe w ramach ZIT"
12,73,6804,"Pomoc stypendialna"
12,73,6805,"Edukacja dorosłych"
12,73,6819,"Kształcenie ogólne i zawodowe"
12,74,6820,"Włączenie społeczne na obszarach objętych LSR"
12,75,6821,"Wsparcie procesu zarządzania i wdrażania RPO"
12,75,6822,"Skuteczna informacja i promocja, w tym wzmocnienie potencjału beneficjentów Programu"
13,76,4913,"Badania i innowacje"
13,76,4914,"Rozwój przedsiębiorczości"
13,76,4915,"Tworzenie i rozwój terenów inwestycyjnych"
13,76,4916,"Promocja regionu i umiędzynarodowienie sektora MŚP"
13,76,4917,"Rozwój sektora MŚP"
13,77,4918,"Rozwój społeczeństwa informacyjnego"
13,78,4919,"Odnawialne źródła energii"
13,78,4920,"Efektywność energetyczna"
13,78,4921,"Ograniczenie niskiej emisji w miastach"
13,78,4922,"Kogeneracja"
13,79,4923,"Przeciwdziałanie katastrofom naturalnym i ich skutkom"
13,79,4924,"Gospodarka odpadami"
13,79,4925,"Gospodarka wodno-ściekowa"
13,79,4926,"Zasoby kultury i dziedzictwa kulturowego"
13,79,4927,"Kapitał przyrodniczy regionu"
13,80,4928,"Transport drogowy"
13,80,4929,"Transport kolejowy"
13,81,4930,"Aktywizacja zawodowa osób bezrobotnych oraz poszukujących pracy i jednocześnie nie posiadających zatrudnienia realizowana przez powiatowe urzędy pracy"
13,81,4931,"Aktywizacja zawodowa osób pozostających bez pracy niezarejestrowanych w powiatowych urzędach pracy"
13,81,4932,"Wsparcie dla samozatrudnienia"
13,81,4933,"Powrót na rynek pracy osób sprawujących opiekę nad dziećmi w wieku do lat 3"
13,81,4934,"Usługi rozwojowe dla MŚP"
13,81,4935,"Aktywizacja zawodowa osób zwolnionych lub przewidzianych do zwolnienia"
13,81,4936,"Profilaktyka i rehabilitacja zdrowotna osób pracujących i powracających do pracy oraz wspieranie zdrowych i bezpiecznych miejsc pracy"
13,82,4937,"Programy aktywnej integracji realizowane przez ośrodki pomocy społecznej"
13,82,4938,"Programy aktywnej integracji realizowane przez powiatowe centra pomocy rodzinie"
13,82,4939,"Programy aktywnej integracji realizowane przez inne podmioty"
13,82,4940,"Aktywne włączenie w ramach podmiotów integracji społecznej"
13,82,4941,"Usługi społeczne"
13,82,4942,"Wsparcie dla OWES i ROPS we wzmacnianiu sektora ekonomii społecznej"
13,83,4943,"Poprawa dostępności i jakości edukacji przedszkolnej"
13,83,4944,"Wyrównywanie dysproporcji w jakości kształcenia na poziomie ogólnym oraz dostosowanie oferty edukacyjnej do potrzeb uczniów o specjalnych potrzebach edukacyjnych i zdrowotnych"
13,83,4945,"Upowszechnienie kształcenia ustawicznego związanego z nabywaniem i doskonaleniem kwalifikacji zawodowych"
13,83,4946,"Doskonalenie jakości kształcenia zawodowego"
13,83,4947,"Doskonalenie umiejętności zawodowych osób dorosłych"
13,84,4948,"Infrastruktura zdrowotna i usług społecznych"
13,84,4949,"Rozwój obszarów zmarginalizowanych"
13,84,4950,"Rozwój infrastruktury edukacyjnej"
13,85,4951,"Wsparcie zarządzania i wdrażania. Komunikacja i badania"
14,86,4952,"Rozwój infrastruktury badań i innowacji"
14,86,4953,"Inwestycje przedsiębiorstw w badania i innowacje"
14,87,4954,"Otoczenie biznesu"
14,87,4955,"Internacjonalizacja przedsiębiorstw"
14,87,4956,"Zwiększenie konkurencyjności MŚP"
14,88,4957,"Niskoemisyjny transport miejski"
14,88,4958,"Drogi"
14,88,4959,"Transport kolejowy"
14,89,4960,"Odnawialne źródła energii"
14,89,4961,"Termomodernizacja budynków"
14,89,4962,"Ochrona powietrza"
14,89,4963,"Zmniejszenie emisji zanieczyszczeń"
14,90,4964,"Gospodarka wodna i przeciwdziałanie zagrożeniom"
14,90,4965,"Gospodarka odpadami"
14,90,4966,"Gospodarka wodno-kanalizacyjna"
14,90,4967,"Ochrona przyrody"
14,91,4968,"Dziedzictwo kulturowe i infrastruktura kultury"
14,91,4969,"Rozwój gospodarki turystycznej"
14,91,4970,"Rewitalizacja i rozwój potencjału społeczno-gospodarczego"
14,92,4971,"Technologie informacyjno-komunikacyjne"
14,92,4972,"Infrastruktura ochrony zdrowia"
14,92,4973,"Infrastruktura opieki społecznej"
14,92,4974,"Edukacja"
14,93,4975,"Wsparcie aktywności zawodowej osób po 29 roku życia przez powiatowe urzędy pracy"
14,93,4976,"Wsparcie aktywności zawodowej osób po 29 roku życia"
14,93,4977,"Wsparcie przedsiębiorczości"
14,94,4978,"Aktywna integracja osób zagrożonych ubóstwem lub wykluczeniem społecznym"
14,94,4979,"Usługi na rzecz osób zagrożonych ubóstwem lub wykluczeniem społecznym"
14,94,4980,"Rozwój ekonomii społecznej"
14,95,4981,"Powrót na rynek pracy osób sprawujących opiekę nad dziećmi do lat 3"
14,95,4982,"Rozwój pracowników i przedsiębiorstw"
14,95,4983,"Ochrona, utrzymanie i przywrócenie zdrowia"
14,96,4984,"Wysoka jakość edukacji"
14,96,4985,"Kształcenie osób dorosłych"
14,96,4986,"Kształcenie zawodowe"
14,97,4987,"Potencjał instytucji"
14,97,4988,"System realizacji"
14,97,4989,"Potencjał beneficjentów"
14,97,4990,"Informacja i promocja"
15,98,4991,"Regionalna infrastruktura badawczo – rozwojowa"
15,98,4992,"Badania celowe"
15,98,4993,"Infrastruktura badawczo-rozwojowa w przedsiębiorstwach"
15,98,4994,"Transfer technologii i komercjalizacja badań"
15,98,4995,"Bon na innowacje"
15,99,4996,"Cyfrowe Lubelskie"
15,99,4997,"Cyfryzacja Lubelskiego Obszaru Funkcjonalnego w ramach Zintegrowanych Inwestycji Terytorialnych"
15,100,4998,"Tereny inwestycyjne"
15,100,4999,"Instrumenty kapitałowe"
15,100,5000,"Przedsiębiorstwa odpryskowe"
15,100,5001,"Dostosowanie oferty IOB do potrzeb rynku"
15,100,5002,"Bon na doradztwo"
15,100,5003,"Marketing gospodarczy"
15,100,5004,"Wzrost konkurencyjności MŚP"
15,100,5005,"Udział w targach i misjach"
15,101,5006,"Wsparcie wykorzystania OZE"
15,101,5007,"Produkcja energii z OZE w przedsiębiorstwach"
15,102,5008,"Poprawa efektywności energetycznej przedsiębiorstw"
15,102,5009,"Efektywność energetyczna sektora publicznego"
15,102,5010,"Efektywność energetyczna sektora mieszkaniowego"
15,102,5011,"Transport niskoemisyjny"
15,102,5012,"Promocja niskoemisyjności"
15,102,5013,"Efektywność energetyczna i gospodarka niskoemisyjna dla Zintegrowanych Inwestycji Terytorialnych Lubelskiego Obszaru Funkcjonalnego"
15,103,5014,"Bezpieczeństwo ekologiczne"
15,103,5015,"Gospodarka odpadami"
15,103,5016,"Gospodarka wodno-ściekowa"
15,104,5017,"Dziedzictwo kulturowe i naturalne"
15,104,5018,"Ochrona różnorodności przyrodniczej"
15,104,5019,"Turystyka przyrodnicza"
15,104,5020,"Ochrona bioróżnorodności dla Zintegrowanych Inwestycji Terytorialnych Lubelskiego Obszaru Funkcjonalnego"
15,105,5021,"Regionalny układ transportowy"
15,105,5022,"Lokalny układ transportowy"
15,105,5023,"Transport kolejowy"
15,105,5024,"Transport w ramach Zintegrowanych Inwestycji Terytorialnych Lubelskiego Obszaru Funkcjonalnego"
15,106,5025,"Aktywizacja zawodowa"
15,106,5026,"Aktywizacja zawodowa - projekty PUP"
15,106,5027,"Rozwój przedsiębiorczości"
15,106,5028,"Godzenie życia zawodowego i prywatnego"
15,106,5029,"Rozwój przedsiębiorczości w ramach Zintegrowanych Inwestycji Terytorialnych Lubelskiego Obszaru Funkcjonalnego"
15,106,5030,"Godzenie życia zawodowego i prywatnego w ramach Zintegrowanych Inwestycji Terytorialnych Lubelskiego Obszaru Funkcjonalnego"
15,107,5031,"Usługi rozwojowe dla MMŚP"
15,107,5032,"Programy typu outplacement"
15,107,5033,"Programy polityki zdrowotnej"
15,107,5034,"Programy typu outplacement w ramach Zintegrowanych Inwestycji Terytorialnych Lubelskiego Obszaru Funkcjonalnego"
15,108,5035,"Aktywne włączenie"
15,108,5036,"Usługi społeczne i zdrowotne"
15,108,5037,"Ekonomia społeczna"
15,108,5038,"Aktywne włączenie w ramach Zintegrowanych Inwestycji Terytorialnych Lubelskiego Obszaru Funkcjonalnego"
15,109,5039,"Edukacja przedszkolna"
15,109,5040,"Kształcenie ogólne"
15,109,5041,"Kształcenie ustawiczne w zakresie ICT i języków obcych"
15,109,5042,"Kształcenie zawodowe"
15,109,5043,"Edukacja przedszkolna w ramach Zintegrowanych Inwestycji Terytorialnych Lubelskiego Obszaru Funkcjonalnego"
15,109,5044,"Kształcenie ogólne w ramach Zintegrowanych Inwestycji Terytorialnych Lubelskiego Obszaru Funkcjonalnego"
15,110,5045,"Infrastruktura ochrony zdrowia"
15,110,5046,"Infrastruktura usług społecznych"
15,110,5047,"Rewitalizacja obszarów miejskich"
15,110,5048,"Rewitalizacja obszarów wiejskich"
15,110,5049,"Infrastruktura przedszkolna"
15,110,5050,"Infrastruktura kształcenia zawodowego i ustawicznego"
15,110,5051,"Infrastruktura szkolna"
15,110,5052,"Rewitalizacja Lubelskiego Obszaru Funkcjonalnego w ramach Zintegrowanych Inwestycji Terytorialnych"
15,111,5053,"Pomoc techniczna"
16,112,5054,"Wykorzystanie działalności badawczo-rozwojowej w gospodarce"
16,112,5055,"Działalność badawczo - rozwojowa przedsiębiorstw"
16,113,5056,"E-usługi"
16,114,5057,"Poprawa rozwoju MŚP na Mazowszu"
16,114,5058,"Internacjonalizacja MŚP"
16,114,5059,"Innowacje w MŚP"
16,115,5060,"Odnawialne źródła energii (OZE)"
16,115,5061,"Efektywność energetyczna"
16,115,5062,"Redukcja emisji zanieczyszczeń powietrza"
16,116,5063,"Dostosowanie do zmian klimatu"
16,116,5064,"Gospodarka odpadami"
16,116,5065,"Dziedzictwo kultury"
16,116,5066,"Ochrona bioróżnorodności"
16,117,5067,"Jakość usług zdrowotnych"
16,117,5068,"Rewitalizacja obszarów zmarginalizowanych"
16,118,5069,"Infrastruktura drogowa"
16,118,5070,"Infrastruktura kolejowa"
16,119,5071,"Aktywizacja zawodowa osób bezrobotnych przez PUP"
16,119,5072,"Aktywizacja zawodowa osób poszukujących pracy biernych zawodowo"
16,119,5073,"Ułatwianie powrotu do aktywności zawodowej osób sprawujących opiekę nad dziećmi do lat 3"
16,120,5074,"Aktywizacja społeczno-zawodowa osób wykluczonych i przeciwdziałanie wykluczeniu społecznemu"
16,120,5075,"Usługi społeczne i usługi opieki zdrowotnej"
16,120,5076,"Rozwój ekonomii społecznej"
16,121,5077,"Kształcenie i rozwój dzieci i młodzieży"
16,121,5078,"Upowszechnianie kompetencji kluczowych wśród osób dorosłych"
16,121,5079,"Doskonalenie zawodowe"
16,122,5080,"Pomoc Techniczna"
17,123,5081,"INFRASTRUKTURA BADAWCZA SEKTORA NAUKI"
17,123,5082,"BADANIA I INNOWACJE W PRZEDSIĘBIORSTWACH"
17,123,5083,"MAŁOPOLSKIE CENTRA INNOWACJI"
17,124,5084,"E-ADMINISTRACJA I OTWARTE ZASOBY"
17,125,5085,"STREFY AKTYWNOŚCI GOSPODARCZEJ"
17,125,5086,"PROMOCJA POSTAW PRZEDSIĘBIORCZYCH ORAZ POTENCJAŁ IOB"
17,125,5087,"UMIĘDZYNARODOWIENIE MAŁOPOLSKIEJ GOSPODARKI"
17,125,5088,"ROZWÓJ I KONKURENCYJNOŚĆ MAŁOPOLSKICH MŚP"
17,126,5089,"ZWIĘKSZENIE WYKORZYSTANIA ODNAWIALNYCH ŹRÓDEŁ ENERGII"
17,126,5090,"EKO-PRZEDSIĘBIORSTWA"
17,126,5091,"POPRAWA EFEKTYWNOŚCI ENERGETYCZNEJ W SEKTORZE PUBLICZNYM I MIESZKANIOWYM"
17,126,5092,"REDUKCJA EMISJI ZANIECZYSZCZEŃ DO POWIETRZA"
17,126,5093,"NISKOEMISYJNY TRANSPORT MIEJSKI"
17,127,5094,"ADAPTACJA DO ZMIAN KLIMATU"
17,127,5095,"ROZWIJANIE SYSTEMU GOSPODARKI ODPADAMI"
17,127,5096,"OCHRONA ZASOBÓW WODNYCH"
17,128,5097,"ROZWÓJ DZIEDZICTWA KULTUROWEGO I NATURALNEGO"
17,128,5098,"OCHRONA RÓŻNORODNOŚCI BIOLOGICZNEJ"
17,128,5099,"ROZWÓJ WEWNĘTRZNYCH POTENCJAŁÓW REGIONU"
17,129,5100,"INFRASTRUKTURA DROGOWA"
17,129,5101,"TRANSPORT KOLEJOWY"
17,130,5102,"AKTYWIZACJA ZAWODOWA – PROJEKTY POWIATOWYCH URZĘDÓW PRACY"
17,130,5103,"AKTYWIZACJA ZAWODOWA"
17,130,5104,"WSPARCIE NA ZAKŁADANIE DZIAŁALNOŚCI GOSPODARCZEJ"
17,130,5105,"ROZWÓJ KOMPETENCJI KADR I ADAPTACJA DO ZMIAN"
17,130,5106,"WSPARCIE NA RZECZ ŁĄCZENIA ŻYCIA ZAWODOWEGO Z PRYWATNYM"
17,130,5107,"WSPARCIE NA RZECZ WYDŁUŻANIA AKTYWNOŚCI ZAWODOWEJ"
17,131,5108,"AKTYWNA INTEGRACJA"
17,131,5109,"USŁUGI SPOŁECZNE I ZDROWOTNE"
17,131,5110,"WSPARCIE EKONOMII SPOŁECZNEJ"
17,132,5111,"ROZWÓJ KSZTAŁCENIA OGÓLNEGO"
17,132,5112,"ROZWÓJ KSZTAŁCENIA ZAWODOWEGO"
17,132,5113,"ROZWÓJ KOMPETENCJI I UMIEJĘTNOŚCI OSÓB DOROSŁYCH"
17,133,5114,"REWITALIZACJA MIAST"
17,133,5115,"ODNOWA OBSZARÓW WIEJSKICH"
17,133,5116,"FUNDUSZ REWITALIZACJI I ODNOWY MAŁOPOLSKI"
17,133,5117,"REWITALIZACJA TERENÓW POPRZEMYSŁOWYCH"
17,134,5118,"INFRASTRUKTURA OCHRONY ZDROWIA"
17,134,5119,"INFRASTRUKTURA EDUKACYJNA"
17,135,5120,"Wsparcie realizacji RPO WM"
18,136,5121,"Innowacje w przedsiębiorstwach"
18,136,5122,"Infrastruktura B+R"
18,137,5123,"Nowe produkty i usługi w MSP"
18,137,5124,"Przygotowanie terenów inwestycyjnych na rzecz gospodarki"
18,137,5125,"Wzmocnienie otoczenia biznesu"
18,137,5126,"Współpraca gospodarcza i promocja"
18,138,5127,"Strategie niskoemisyjne"
18,138,5128,"Efektywność energetyczna"
18,138,5129,"Odnawialne źródła energii"
18,138,5130,"Efektywność energetyczna w MSP"
18,139,5131,"Mała retencja"
18,139,5132,"System wczesnego reagowania i ratownictwa"
18,140,5133,"Ochrona różnorodności biologicznej"
18,140,5134,"Poprawa gospodarowania odpadami komunalnymi"
18,140,6285,"Ochrona dziedzictwa kulturowego i kultury"
18,140,6583,"Gospodarka wodno-ściekowa"
18,140,6584,"Ochrona powietrza"
18,141,6604,"Infrastruktura drogowa"
18,141,6605,"Nowoczesny transport kolejowy"
18,142,6585,"Aktywizacja zawodowa osób pozostających bez pracy"
18,142,6586,"Zakładanie działalności gospodarczej"
18,142,6587,"Wydłużanie aktywności zawodowej"
18,142,6588,"Szkolenia, doradztwo dla przedsiębiorców i pracowników przedsiębiorstw oraz adaptacyjność przedsiębiorstw"
18,142,6589,"Godzenie życia prywatnego i zawodowego"
18,142,6606,"Aktywizacja zawodowa osób pozostających bez pracy realizowana przez PUP"
18,143,6590,"Dostęp do wysokiej jakości usług zdrowotnych i społecznych"
18,143,6607,"Włączenie społeczne"
18,143,6608,"Wsparcie podmiotów ekonomii społecznej"
18,144,6591,"Rozwój edukacji"
18,144,6592,"Rozwój kształcenia zawodowego"
18,144,6593,"Wsparcie kształcenia ustawicznego"
18,145,6594,"Rozwój infrastruktury edukacyjnej i szkoleniowej"
18,145,6609,"Infrastruktura społeczna na rzecz wyrównania nierówności w dostępie do usług"
18,145,6610,"Inwestycje wynikające z Lokalnych Planów Rewitalizacji"
18,145,6611,"E-usługi publiczne"
18,146,6612,"Pomoc techniczna"
19,147,5157,"Wsparcie na rzecz gospodarki opartej na wiedzy"
19,147,5158,"Wspieranie transferu wiedzy, innowacji, technologii i komercjalizacji wyników B+R oraz rozwój działalności B+R w przedsiębiorstwach"
19,147,5159,"Wspieranie inwestycji w przedsiębiorstwach"
19,147,5160,"Promocja przedsiębiorczości oraz podniesienie atrakcyjności inwestycyjnej województwa"
19,147,5161,"Wspieranie przedsiębiorczości i zatrudnienia w gminach, których rozwój uwarunkowany jest siecią Natura 2000"
19,148,5162,"Zwiększanie zdolności zatrudnieniowej osób pozostających bez zatrudnienia oraz osób poszukujących pracy, przy wykorzystaniu aktywnej polityki rynku pracy oraz wspieranie mobilności zasobów pracy"
19,148,5163,"Działania na rzecz równowagi praca – życie"
19,148,5164,"Wspieranie powstawania i rozwoju podmiotów gospodarczych"
19,148,5165,"Adaptacja pracowników, przedsiębiorstw i przedsiębiorców do zmian"
19,148,5166,"Aktywne i zdrowe starzenie się"
19,149,5167,"Kształcenie i edukacja"
19,149,5168,"Kształtowanie i rozwój kompetencji kadr regionu"
19,149,5169,"Kształcenie zawodowe młodzieży na rzecz konkurencyjności podlaskiej gospodarki"
19,150,5170,"Mobilność regionalna"
19,150,5171,"Infrastruktura kolejowa"
19,151,5172,"Energetyka oparta na odnawialnych źródłach energii"
19,151,5173,"Efektywność energetyczna w przedsiębiorstwach"
19,151,5174,"Efektywność energetyczna w sektorze mieszkaniowym i budynkach użyteczności publicznej"
19,151,5175,"Strategie niskoemisyjne"
19,152,5176,"Efektywny system gospodarowania odpadami"
19,152,5177,"Ochrona wody i gleb"
19,152,5178,"Ochrona zasobów bio- i georóżnorodności oraz krajobrazu"
19,153,5179,"Rozwój działań aktywnej integracji"
19,153,5180,"Rozwój usług społecznych"
19,153,5181,"Wzmocnienie roli ekonomii społecznej w rozwoju społeczno-gospodarczym województwa podlaskiego"
19,154,5182,"Rozwój usług publicznych świadczonych drogą elektroniczną"
19,154,5183,"Uzupełnienie deficytów w zakresie infrastruktury edukacyjnej i szkoleniowej"
19,154,5184,"Ochrona dziedzictwa kulturowego"
19,154,5185,"Infrastruktura społeczna"
19,154,5186,"Rewitalizacja"
19,154,5187,"Inwestycje na rzecz rozwoju lokalnego"
19,155,5188,"Rewitalizacja społeczna i kształtowanie kapitału społecznego"
19,156,5189,"Pomoc Techniczna"
20,157,5190,"Wsparcie infrastruktury B+R jednostek naukowych"
20,157,5191,"Badania przemysłowe, prace rozwojowe oraz ich wdrożenia"
20,157,5192,"Promowanie przedsiębiorczości"
20,157,5193,"Wsparcie MŚP"
20,157,5194,"Promowanie przedsiębiorczości – Zintegrowane Inwestycje Terytorialne"
20,158,5195,"Podniesienie efektywności i dostępności e-usług"
20,159,5196,"Rozwój OZE"
20,159,5197,"Modernizacja energetyczna budynków"
20,159,5198,"Poprawa jakości powietrza"
20,159,5199,"Rozwój OZE – Zintegrowane Inwestycje Terytorialne"
20,160,5200,"Zapobieganie i zwalczanie zagrożeń"
20,160,5201,"Gospodarka odpadami"
20,160,5202,"Gospodarka wodno-ściekowa"
20,160,5203,"Kultura"
20,160,5204,"Różnorodność biologiczna"
20,160,5205,"Kultura – Zintegrowane Inwestycje Terytorialne"
20,161,5206,"Infrastruktura drogowa"
20,161,5207,"Infrastruktura kolejowa"
20,161,5208,"Niskoemisyjny transport miejski"
20,161,5209,"Niskoemisyjny transport miejski – Zintegrowane Inwestycje Terytorialne"
20,162,5210,"Rozwój potencjału endogenicznego regionu"
20,162,5211,"Infrastruktura ochrony zdrowia i pomocy społecznej"
20,162,5212,"Rewitalizacja przestrzeni regionalnej"
20,162,5213,"Infrastruktura edukacyjna"
20,162,5214,"Rewitalizacja przestrzeni regionalnej – Zintegrowane Inwestycje Terytorialne"
20,163,5215,"Poprawa sytuacji osób bezrobotnych na rynku pracy – projekty konkursowe"
20,163,5216,"Poprawa sytuacji osób bezrobotnych na rynku pracy – projekty pozakonkursowe PUP"
20,163,5217,"Wsparcie rozwoju przedsiębiorczości"
20,163,5218,"Rozwój opieki żłobkowej w regionie"
20,163,5219,"Rozwój kompetencji pracowników sektora MŚP"
20,163,5220,"Programy profilaktyczne i zdrowotne w regionie"
20,164,5221,"Aktywna integracja osób zagrożonych ubóstwem lub wykluczeniem społecznym"
20,164,5222,"Aktywna integracja osób zagrożonych ubóstwem lub wykluczeniem społecznym prowadzona przez ośrodki pomocy społecznej/powiatowe centra pomocy społecznej"
20,164,5223,"Zwiększenie dostępu do usług społecznych i zdrowotnych"
20,164,5224,"Poprawa dostępu do usług wsparcia rodziny i pieczy zastępczej"
20,164,5225,"Wspieranie rozwoju sektora ekonomii społecznej w regionie"
20,164,5226,"Koordynacja sektora ekonomii społecznej w regionie – projekt pozakonkursowy ROPS"
20,165,5227,"Rozwój edukacji przedszkolnej"
20,165,5228,"Poprawa jakości kształcenia ogólnego"
20,165,5229,"Podnoszenie kompetencji osób dorosłych w obszarze TIK i języków obcych"
20,165,5230,"Poprawa jakości kształcenia zawodowego"
20,165,5231,"Podnoszenie kompetencji osób dorosłych w formach pozaszkolnych"
20,165,5232,"Wsparcie stypendialne dla uczniów"
20,166,5233,"Pomoc techniczna"
21,167,5234,"Ekspansja przez innowacje"
21,167,5235,"Transfer wiedzy do gospodarki"
21,168,5236,"Inwestycje podstawowe i profilowane – wsparcie pozadotacyjne"
21,168,5237,"Inwestycje profilowane – wsparcie dotacyjne"
21,168,5238,"Aktywność eksportowa"
21,168,5239,"Otoczenie biznesu"
21,168,5240,"Inwestorzy zewnętrzni"
21,169,5241,"Edukacja przedszkolna"
21,169,5242,"Edukacja ogólna"
21,169,5243,"Edukacja zawodowa"
21,170,5244,"Infrastruktura ponadgimnazjalnych szkół zawodowych"
21,170,5245,"Infrastruktura uczelni prowadzących kształcenie o profilu praktycznym"
21,171,5246,"Aktywizacja zawodowa osób bezrobotnych - projekty Powiatowych Urzędów Pracy"
21,171,5247,"Aktywizacja zawodowa"
21,171,5248,"Opieka nad dziećmi do lat 3"
21,171,5249,"Zdrowie na rynku pracy"
21,171,5250,"Kształcenie ustawiczne"
21,171,5251,"Adaptacyjność pracowników"
21,171,5252,"Nowe mikroprzedsiębiostwa"
21,172,5253,"Aktywna integracja"
21,172,5254,"Usługi społeczne"
21,172,5255,"Ekonomia społeczna"
21,173,5256,"Zasoby ochrony zdrowia"
21,173,5257,"Systemy informatyczne i telemedyczne"
21,174,5258,"Kompleksowe przedsięwzięcia rewitalizacyjne – wsparcie dotacyjne"
21,174,5259,"Kompleksowe przedsięwzięcia rewitalizacyjne – wsparcie pozadotacyjne"
21,174,5260,"Materialne i niematerialne dziedzictwo kulturowe"
21,174,5261,"Wsparcie atrakcyjności walorów dziedzictwa przyrodniczego"
21,175,5262,"Transport miejski"
21,175,5263,"Regionalna infrastruktura kolejowa"
21,175,5264,"Regionalna infrastruktura drogowa"
21,176,5265,"Efektywność energetyczna – mechanizm ZIT – wsparcie dotacyjne"
21,176,5266,"Efektywność energetyczna – wsparcie dotacyjne"
21,176,5267,"Odnawialne źródła energii"
21,176,5268,"Redukcja emisji"
21,176,5269,"Efektywność energetyczna – wsparcie pozadotacyjne"
21,177,5270,"Ograniczanie zagrożeń naturalnych"
21,177,5271,"Gospodarka odpadami"
21,177,5272,"Gospodarka wodno-ściekowa"
21,177,5273,"Ochrona różnorodności biologicznej"
21,178,5274,"Pomoc Techniczna"
22,179,5275,"Kluczowa dla regionu infrastruktura badawcza"
22,179,5276,"Badania Rozwój i innowacje w przedsiębiorstwach"
22,179,5277,"Profesjonalizacja IOB"
22,179,5278,"Wsparcie ekosystemu innowacji"
22,180,5279,"Wsparcie rozwoju cyfrowych usług publicznych"
22,181,5280,"Poprawa warunków do rozwoju MŚP"
22,181,5281,"Innowacje w MŚP"
22,181,5282,"Technologie informacyjno-komunikacyjne w działalności gospodarczej"
22,181,5283,"Dokapitalizowanie zewnętrznych źródeł dofinansowania Przedsiębiorczości"
22,181,5284,"Umiędzynarodowienie gospodarki regionu"
22,182,5285,"Odnawialne źródła energii"
22,182,5286,"Efektywność energetyczna i odnawialne źródła energii w mikro, małych i średnich przedsiębiorstwach"
22,182,5287,"Efektywność energetyczna i odnawialne źródła energii w infrastrukturze publicznej i mieszkaniowej"
22,182,5288,"Wysokosprawna Kogeneracja"
22,182,5289,"Niskoemisyjny transport miejski oraz efektywne oświetlenie"
22,183,5290,"Gospodarka wodno-ściekowa"
22,183,5291,"Gospodarka odpadami"
22,183,5292,"Dziedzictwo kulturowe"
22,183,5293,"Ochrona różnorodności biologicznej"
22,183,5294,"Wzmocnienie potencjału służb ratowniczych"
22,184,5295,"Drogi wojewódzkie, powiatowe i gminne"
22,184,5296,"Transport kolejowy"
22,185,5297,"Aktywne formy przeciwdziałania bezrobociu"
22,185,5298,"Poprawa zdolności do zatrudnienia osób poszukujących pracy i pozostających bez zatrudnienia - projekty pozakonkursowe (dla publicznych służb zatrudnienia)"
22,185,5299,"Wsparcie dla osób zamierzających rozpocząć prowadzenie działalności gospodarczej"
22,185,5300,"Wspomaganie procesów adaptacyjnych i modernizacyjnych w regionie (działania z zakresu outplacementu)"
22,185,5301,"Wsparcie osób zamierzających rozpocząć prowadzenie działalności gospodarczej poprzez instrumenty finansowe"
22,186,5302,"Wspieranie rozwoju warunków do godzenia życia zawodowego i prywatnego"
22,186,5303,"Wzmacnianie potencjału adaptacyjnego przedsiębiorstw, przedsiębiorców i ich pracowników"
22,186,5304,"Poprawa dostępu do profilaktyki, diagnostyki i rehabilitacji leczniczej ułatwiającej pozostanie w zatrudnieniu i powrót do pracy"
22,187,5305,"Aktywna integracja"
22,187,5306,"Dostępne i efektywne usługi społeczne i zdrowotne"
22,187,5307,"Rozwój ekonomii społecznej w regionie"
22,188,5308,"Infrastruktura ochrony zdrowia"
22,188,5309,"Rozwój mieszkalnictwa socjalnego, wspomaganego i chronionego oraz infrastruktury usług społecznych"
22,188,5310,"Rewitalizacja obszarów zdegradowanych"
22,188,5311,"Poprawa stanu środowiska miejskiego"
22,189,5312,"Ograniczenie przedwczesnego kończenia nauki szkolnej oraz zapewnienie równego dostępu do dobrej jakości edukacji elementarnej, kształcenia podstawowego i średniego"
22,189,5313,"Dostosowanie oferty kształcenia zawodowego do potrzeb lokalnego rynku pracy - kształcenie zawodowe uczniów"
22,189,5314,"Dostosowanie oferty kształcenia zawodowego do potrzeb lokalnego rynku pracy - kształcenie zawodowe osób dorosłych"
22,189,5315,"Podnoszenie kwalifikacji zawodowych osób dorosłych"
22,190,5316,"Infrastruktura wychowania przedszkolnego"
22,190,5317,"Infrastruktura kształcenia zawodowego"
22,190,5318,"Instytucje popularyzujące naukę"
22,191,5319,"Pomoc techniczna"
23,192,5320,"Wsparcie infrastruktury B+R"
23,192,5321,"Badania i rozwój w sektorze świętokrzyskiej przedsiębiorczości"
23,193,5322,"Wsparcie świętokrzyskich IOB w celu zwiększenia poziomu przedsiębiorczości w regionie"
23,193,5323,"Tworzenie nowych terenów inwestycyjnych"
23,193,5324,"Promocja gospodarcza kluczowych branż gospodarki regionu"
23,193,5325,"Wsparcie inwestycyjne sektora MŚP"
23,193,5326,"Instrumenty finansowe dla MŚP"
23,194,5327,"Wytwarzanie i dystrybucja energii pochodzącej ze źródeł odnawialnych"
23,194,5328,"Efektywność energetyczna i odnawialne źródła energii w przedsiębiorstwach"
23,194,5329,"Poprawa efektywności energetycznej w sektorze publicznym i mieszkaniowym"
23,194,5330,"Strategia niskoemisyjna, wsparcie zrównoważonej multimodalnej mobilności miejskiej"
23,195,5331,"Przeciwdziałanie skutkom klęsk żywiołowych oraz usuwanie ich skutków"
23,195,5332,"Gospodarka odpadami"
23,195,5333,"Gospodarka wodno-ściekowa"
23,195,5334,"Zachowanie dziedzictwa kulturowego i naturalnego"
23,195,5335,"Ochrona i wykorzystanie obszarów cennych przyrodniczo"
23,196,5336,"Infrastruktura drogowa"
23,196,5337,"Infrastruktura kolejowa"
23,197,5338,"Efektywność energetyczna w sektorze publicznym – ZIT KOF"
23,197,5339,"Promowanie strategii niskoemisyjnych oraz zrównoważona mobilność miejska – ZIT KOF"
23,197,5340,"Ochrona i wykorzystanie obszarów cennych przyrodniczo - ZIT KOF"
23,197,5341,"Infrastruktura drogowa – ZIT KOF"
23,197,5342,"Rewitalizacja obszarów miejskich i wiejskich"
23,197,5343,"Infrastruktura edukacyjna i szkoleniowa – ZIT KOF"
23,198,5344,"Rozwój e-społeczeństwa"
23,198,5345,"Rozwój potencjału endogenicznego jako element strategii terytorialnej dla określonych obszarów"
23,198,5346,"Infrastruktura zdrowotna i społeczna"
23,198,5347,"Rozwój infrastruktury edukacyjnej i szkoleniowej"
23,199,5348,"Równość mężczyzn i kobiet we wszystkich dziedzinach, w tym dostęp do zatrudnienia, rozwój kariery, godzenie życia zawodowego i prywatnego"
23,199,5349,"Aktywne i zdrowe starzenie się"
23,199,5350,"Zwiększenie dostępu do wysokiej jakości edukacji przedszkolnej oraz kształcenia podstawowego, gimnazjalnego i ponadgimnazjalnego"
23,199,5351,"Kształcenie ustawiczne osób dorosłych"
23,199,5352,"Rozwój i wysoka jakość szkolnictwa zawodowego i kształcenia ustawicznego"
23,200,5353,"Aktywna integracja zwiększająca szanse na zatrudnienie (projekty konkursowe)"
23,200,5354,"Ułatwienie dostępu do wysokiej jakości usług społecznych i zdrowotnych"
23,200,5355,"Wspieranie ekonomii i przedsiębiorczości społecznej w celu ułatwienia dostępu do zatrudnienia"
23,201,5356,"Działania publicznych służb zatrudnienia na rzecz podniesienia aktywności zawodowej osób powyżej 29 roku życia (projekty pozakonkursowe)"
23,201,5357,"Działania na rzecz podniesienia aktywności zawodowej osób powyżej 29 roku życia"
23,201,5358,"Rozwój przedsiębiorczości i tworzenie nowych miejsc pracy"
23,201,5359,"Przystosowanie pracowników, przedsiębiorstw i przedsiębiorców do zmian (projekty konkursowe)"
23,202,5360,"Skuteczny i efektywny system wdrażania RPOWŚ 2014-2020"
23,202,5361,"Wsparcie procesu wdrażania ROPWŚ poprzez wzmocnienie potencjału administracyjnego"
23,202,5362,"Informacja i promocja RPOWŚ"
24,203,5363,"Nowoczesna infrastruktura badawcza publicznych jednostek naukowych"
24,203,5364,"Innowacyjne firmy"
24,203,5365,"Przedsiębiorczość (Wsparcie przedsiębiorczości)"
24,203,5366,"Nowe modele biznesowe i ekspansja"
24,203,5367,"Nowoczesne firmy"
24,204,5368,"Zapewnienie równego dostępu do wysokiej jakości edukacji przedszkolnej"
24,204,5369,"Podniesienie jakości oferty edukacyjnej ukierunkowanej na rozwój kompetencji kluczowych uczniów"
24,204,5370,"Rozwój kompetencji i umiejętności osób dorosłych"
24,204,5371,"Rozwój kształcenia i szkolenia zawodowego"
24,205,5372,"Cyfrowa dostępność informacji sektora publicznego oraz wysoka jakość e-usług publicznych"
24,205,5373,"E-zdrowie"
24,206,5374,"Wspieranie wytwarzania i dystrybucji energii pochodzącej ze źródeł odnawialnych"
24,206,5375,"Efektywność energetyczna i wykorzystanie OZE w MŚP"
24,206,5376,"Kompleksowa modernizacja energetyczna budynków"
24,206,5377,"Zrównoważony transport miejski"
24,206,5378,"Wysokosprawne wytwarzanie energii"
24,207,5379,"Gospodarka odpadowa"
24,207,5380,"Gospodarka wodno-ściekowa"
24,207,5381,"Ochrona różnorodności biologicznej"
24,207,5382,"Zapobieganie i zarządzanie ryzykiem"
24,208,6352,"Infrastruktura kultury"
24,208,6434,"Dziedzictwo naturalne"
24,209,6435,"Infrastruktura drogowa o znaczeniu regionalnym"
24,209,6436,"Infrastruktura kolejowa"
24,209,6455,"Infrastruktura drogowa w miejskich obaszarach funkcjonalnych"
24,210,6437,"Rewitalizacja miejskiego obszaru funkcjonalnego Ełku – ZIT bis"
24,210,6456,"Rewitalizacja obszarów miejskich"
24,210,6457,"Rewitalizacja miejskiego obszaru funkcjonalnego Elbląga – ZIT bis"
24,211,6438,"Infrastruktura socjalna"
24,211,6439,"Infrastruktura edukacyjna"
24,211,6458,"Infrastruktura ochrony zdrowia"
24,212,6440,"Poprawa dostępu do zatrudnienia osób bezrobotnych i poszukujących pracy - projekty pozakonkursowe realizowane przez powiatowe urzędy pracy"
24,212,6441,"Pomoc w powrocie lub wejściu na rynek pracy osobom sprawującym opiekę nad dziećmi do lat 3"
24,212,6442,"Wsparcie pracowników i osób zwolnionych poprzez działania outplacementowe"
24,212,6443,"Usługi rozwojowe dla przedsiębiorstw MŚP i ich pracowników świadczone w oparciu o podejście popytowe"
24,212,6444,"Aktywne i zdrowe starzenie się"
24,212,6459,"Aktywizacja zawodowa osób pozostających bez zatrudnienia - projekty konkursowe"
24,212,6460,"Rozwój samozatrudnienia"
24,213,6461,"Aktywne włączenie, w tym z myślą o promowaniu równych szans oraz aktywnego uczestnictwa i zwiększaniu szans na zatrudnienie"
24,213,6462,"Ułatwienie dostępu do przystępnych cenowo, trwałych oraz wysokiej jakości usług, w tym opieki zdrowotnej i usług socjalnych świadczonych w interesie ogólnym"
24,213,6463,"Wspieranie przedsiębiorczości społecznej i integracji zawodowej w przedsiębiorstwach społecznych oraz ekonomii społecznej i solidarnej w celu ułatwienia dostępu do zatrudnienia"
24,214,6445,"Wsparcie procesu przygotowania, wdrażania, monitorowania i kontroli"
24,214,6446,"Działania w zakresie ewaluacji i badań"
24,214,6464,"Działania informacyjne i promocyjne"
25,215,5407,"Wsparcie infrastruktury B+R w sektorze nauki"
25,215,5408,"Wzmocnienie potencjału innowacyjnego przedsiębiorstw Wielkopolski"
25,215,5409,"Wsparcie przedsiębiorczości i infrastruktury na rzecz rozwoju gospodarczego"
25,215,5410,"Internacjonalizacja gospodarki regionalnej"
25,215,5411,"Wzmocnienie konkurencyjności przedsiębiorstw"
25,216,5412,"Rozwój elektronicznych usług publicznych"
25,217,5413,"Wytwarzanie i dystrybucja energii ze źródeł odnawialnych"
25,217,5414,"Poprawa efektywności energetycznej w sektorze publicznym i mieszkaniowym"
25,217,5415,"Wspieranie strategii niskoemisyjnych w tym mobilność miejska"
25,218,5416,"Zapobieganie, likwidacja skutków klęsk żywiołowych i awarii środowiskowych"
25,218,5417,"Gospodarka Odpadami"
25,218,5418,"Gospodarka wodno - ściekowa"
25,218,5419,"Zachowanie, ochrona, promowanie i rozwój dziedzictwa naturalnego i kulturowego"
25,218,5420,"Ochrona Przyrody"
25,219,5421,"Infrastruktura drogowa regionu"
25,219,5422,"Transport kolejowy"
25,220,5423,"Aktywizacja zawodowa osób bezrobotnych i poszukujących pracy - projekty pozakonkursowe realizowane przez PSZ"
25,220,5424,"Aktywizacja zawodowa"
25,220,5425,"Samozatrudnienie i przedsiębiorczość"
25,220,5426,"Wsparcie aktywności zawodowej osób wyłączonych z rynku pracy z powodu opieki nad małymi dziećmi"
25,220,5427,"Doskonalenie kompetencji osób pracujących i wsparcie procesów adaptacyjnych"
25,220,5428,"Wspieranie aktywności zawodowej pracowników poprzez działania prozdrowotne"
25,221,5429,"Aktywna integracja"
25,221,5430,"Usługi społeczne i zdrowotne"
25,221,5431,"Ekonomia społeczna"
25,222,5432,"Ograniczanie i zapobieganie przedwczesnemu kończeniu nauki szkolnej oraz wyrównanie dostępu do edukacji przedszkolnej i szkolnej"
25,222,5433,"Uczenie się przez całe życie"
25,222,5434,"Wzmocnienie oraz dostosowanie kształcenia i szkolenia zawodowego do potrzeb rynku pracy"
25,223,5435,"Inwestycje w infrastrukturę zdrowotną i społeczną"
25,223,5436,"Rewitalizacja miast i ich dzielnic, terenów wiejskich, poprzemysłowych i powojskowych"
25,223,5437,"Inwestowanie w rozwój infrastruktury edukacyjnej i szkoleniowej"
25,224,5438,"Wsparcie instytucjonalno-kadrowe procesu zarządzania i wdrażania WRPO 2014+"
25,224,5439,"Informacja i promocja WRPO 2014+"
26,225,5440,"Projekty badawczo-rozwojowe przedsiębiorstw"
26,225,5441,"Rozwój infrastruktury B+R w przedsiębiorstwach"
26,225,5442,"Rozwój publicznej infrastruktury badawczej"
26,225,5443,"Inwestycje przedsiębiorstw wspierające rozwój regionalnych specjalizacji oraz inteligentnych specjalizacji"
26,225,5444,"Tworzenie nowych miejsc pracy na obszarze Specjalnej Strefy Włączenia"
26,225,5445,"Inwestycje przedsiębiorstw w ramach strategii ZIT dla Szczecińskiego Obszaru Metropolitalnego"
26,225,5446,"Inwestycje przedsiębiorstw w ramach strategii ZIT dla Koszalińsko-Kołobrzesko-Białogardzkiego Obszaru Funkcjonalnego"
26,225,5447,"Inwestycje w przedsiębiorstwach poprzez instrumenty finansowe"
26,225,5448,"Tworzenie i rozbudowa infrastruktury na rzecz rozwoju gospodarczego"
26,225,5449,"Tworzenie i rozbudowa infrastruktury na rzecz rozwoju gospodarczego w ramach Strategii ZIT dla Szczecińskiego obszaru Metropolitarnego"
26,225,5450,"Tworzenie i rozbudowa infrastruktury na rzecz rozwoju gospodarczego w ramach Strategii ZIT dla Koszalińsko-Kołobrzeskiego-Białogardzkiego Obszaru Funkcjonalnego"
26,225,5451,"Tworzenie i rozbudowa infrastruktury na rzecz rozwoju gospodarczego w ramach Kontraktów Samorządowych"
26,225,5452,"Wzmocnienie pozycji regionalnej gospodarki w wymiarze krajowym i międzynarodowym"
26,225,5453,"Wsparcie kooperacji przedsiębiorstw"
26,225,5454,"Zwiększenie dostępu do usług Instytucji Otoczenia Biznesu"
26,225,5455,"Wzmocnienie procesu wsparcia firm w początkowej fazie rozwoju"
26,225,5456,"Tworzenie i rozbudowa regionalnego systemu innowacji"
26,226,5457,"Zrównoważona multimodalna mobilność miejska i działania adaptacyjne łagodzące zmiany klimatu"
26,226,5458,"Zrównoważona multimodalna mobilność miejska i działania adaptacyjne łagodzące zmiany klimatu w ramach Strategii ZIT dla Szczecińskiego Obszaru Metropolitalnego"
26,226,5459,"Zrównoważona multimodalna mobilność miejska i działania adaptacyjne łagodzące zmiany klimatu w ramach Strategii ZIT dla Koszalińsko-Kołobrzesko-Białogardzkiego Obszaru Funkcjonalnego"
26,226,5460,"Zrównoważona multimodalna mobilność miejska i działania adaptacyjne łagodzące zmiany klimatu w ramach Kontraktów Samorządowych"
26,226,5461,"Modernizacja energetyczna obiektów użyteczności publicznej"
26,226,5462,"Modernizacja energetyczna obiektów użyteczności publicznej w ramach Strategii ZIT dla Szczecińskiego Obszaru Metropolitalnego"
26,226,5463,"Modernizacja energetyczna wielorodzinnych budynków mieszkaniowych"
26,226,5464,"Modernizacja energetyczna wielorodzinnych budynków mieszkaniowych w ramach Strategii ZIT dla Szczecińskiego Obszaru Meropolitalnego"
26,226,5465,"Zastępowanie konwencjonalnych źródeł energii źródłami odnawialnymi"
26,226,5466,"Zwiększanie wykorzystania źródeł odnawialnych"
26,226,5467,"Zwiększenie potencjału sieci energetycznej do odbioru energii z odnawialnych źródeł energii"
26,226,5468,"Rozwój kogeneracyjnych źródeł energii"
26,226,5469,"Poprawa jakości powietrza - Zachodniopomorski Program Antysmogowy"
26,226,5470,"Termomodernizacja budynków jednorodzinnych - Zachodniopomorski Program Antysmogowy"
26,227,5471,"Ochrona Zasobów wodnych"
26,227,5472,"Zarządzanie ryzykiem przeciwpowodziowym"
26,227,5473,"Poprawa stanu środowiska miejskiego"
26,227,5474,"Adaptacja do zmian klimatu"
26,227,5475,"Wsparcie rozwoju sieci wodociągowych"
26,227,5476,"Wsparcie rozwoju systemów oczyszczania ścieków"
26,227,5477,"Rozwój gospodarki odpadami komunalnymi"
26,228,5478,"Dziedzictwo kulturowe"
26,228,5479,"Wzmocnienie instytucji kultury"
26,228,5480,"Ochrona różnorodności biologicznej"
26,228,5481,"Wsparcie nieinfrastrukturalnych form ochrony przyrody"
26,228,5482,"Kształtowanie właściwych postaw człowieka wobec przyrody przez edukację"
26,228,5483,"Wsparcie infrastrukturalnych form ochrony przyrody i krajobrazu"
26,228,5484,"Podnoszenie jakości ładu przestrzennego"
26,228,5485,"Rozwój zasobów endogenicznych"
26,229,5486,"Budowa i przebudowa dróg regionalnych (wojewódzkich)"
26,229,5487,"Budowa i przebudowa dróg lokalnych (gminnych i powiatowych) w ramach Strategii ZIT dla Szczecińskiego Obszaru Metropolitalnego"
26,229,5488,"Budowa i przebudowa dróg lokalnych (gminnych i powiatowych) w ramach Strategii ZIT dla Koszalińsko-Kołobrzesko-Białogardzkiego Obszaru Funkcjonalnego"
26,229,5489,"Budowa i przebudowa dróg powiatowych"
26,229,5490,"Budowa, przebudowa i rehabilitacja regionalnych linii kolejowych"
26,229,5491,"Zakup i modernizacja taboru kolejowego na potrzeby przewozów regionalnych"
26,229,5492,"Budowa, rozbudowa lub modernizacja ogólnodostępnej infrastruktury szlaków żeglownych, utrzymanie dróg wodnych prowadzących do portów, monitoring dróg wodnych, w tym związany z systemami zarządzania ruchem"
26,230,5493,"Usługi rozwojowe skierowane do przedsiębiorców i pracowników przedsiębiorstw w opraciu o system popytowy"
26,230,5494,"Wsparcie przedsiębiorczości, samozatrudnienia oraz tworzenia nowych miejsc pracy, poprzez środki finansowe na rozpoczęcie działalności gospodarczej oraz wsparcie doradczo-szkoleniowe"
26,230,5495,"Kompleksowe wsparcie głównie dla osób bezrobotnych, biernych zawodowo, zwłaszcza znajdujących się w szczególnie trudnej sytuacji na rynku pracy obejmujące pomoc w aktywnym poszukiwaniu pracy oraz działania na rzecz podnoszenia kwalifikacji zawodowych"
26,230,5496,"Program zapewnienia i zwiększenia dostępu do opieki nad dziećmi w wieku do lat 3"
26,230,5497,"Programy zapewnienia i zwiększenia dostępu do opieki nad dziećmi w wieku do lat 3 w ramach Kontraktów Samorządowych"
26,230,5498,"Wdrożenie kompleksowych programów zdrowotnych zapobiegającym istotnym problemom zdrowotnym regionu oraz  dotyczących chorób negatywnie wpływających na rynek pracy, ułatwiających powroty do pracy, umożliwiających wydłużenie aktywności zawodowej oraz zwiększenie zgłaszalności na badania profilaktyczne"
26,231,5499,"Programy na rzecz integracji osób i rodzin zagrożonych ubóstwem i/lub wykluczeniem społecznym ukierunkowane na aktywizację społeczno-zawodową wykorzystującą instrumenty aktywizacji edukacyjnej, społecznej, zawodowej"
26,231,5500,"Wsparcie dla tworzenia podmiotów integracji społecznej oraz podmiotów działających na rzecz aktywizacji społeczno-zawodowej"
26,231,5501,"Wsparcie dla utworzenia i/lub funkcjonowania (w tym wzmocnienia potencjału) instytucji wspierających ekonomię społeczną zgodnie z Krajowym Programem Rozwoju Ekonomii Społecznej"
26,231,5502,"Tworzenie miejsc pracy w sektorze ekonomii społecznej m.in. poprzez wsparcie na tworzenie przedsiębiorstw społecznych (w szczególności spółdzielni socjalnych)"
26,231,5503,"Koordynacja rozwoju sektora ekonomii społecznej oraz wsparcie rozwoju sieci kooperacji i partnerstw ekonomii społecznej w województwie"
26,231,5504,"Wsparcie rozwoju usług społecznych świadczonych w interesie ogólnym"
26,232,5505,"Upowszechnienie edukacji przedszkolnej"
26,232,5506,"Wsparcie szkół i placówek prowadzących kształcenie ogólne oraz uczniów uczestniczących w kształceniu podstawowym i ponadpodstawowym"
26,232,5507,"Wsparcie szkół i placówek prowadzących kształcenie ogólne oraz uczniów uczestniczących w kształceniu podstawowym, gimnazjalnym i ponadgimnazjalnym w ramach Strategii ZIT dla Szczecińskiego Obszaru Metropolitalnego"
26,232,5508,"Upowszechnienie edukacji przedszkolnej oraz wsparcie szkół i placówek prowadzących kształcenie ogólne oraz uczniów uczestniczących w kształceniu podstawowym, gimnazjalnym, ponadpodstawowym i ponadgimnazjalnym w ramach Strategii ZIT dla Koszalińsko-Kołobrzesko-Białogardzkiego Obszaru Funkcjonalnego"
26,232,5509,"Upowszechnienie edukacji przedszkolnej oraz wsparcie szkół i placówek prowadzących kształcenie ogólne oraz uczniów uczestniczących w kształceniu podstawowym, gimnazjalnym i ponadgimnazjalnym w ramach Kontraktów Samorządowych"
26,232,5510,"Wsparcie szkół i placówek prowadzących kształcenie zawodowe oraz uczniów uczestniczących w kształceniu zawodowym i osób dorosłych uczestniczących w pozaszkolnych formach kształcenia zawodowego"
26,232,5511,"Wsparcie szkół i placówek prowadzących kształcenie zawodowe oraz uczniów uczestniczących w kształceniu zawodowym i osób dorosłych uczestniczących w pozaszkolnych formach kształcenia w ramach strategii ZIT dla Szczecińskiego Obszaru Metropolitalnego"
26,232,5512,"Wsparcie szkół i placówek prowadzących kształcenie zawodowe oraz uczniów uczestniczących w kształceniu zawodowym i osób dorosłych uczestniczących w pozaszkolnych formach kształcenia w ramach strategii ZIT dla Koszalińsko-Kołobrzesko-Białogardzkiego Obszaru Funkcjonalnego"
26,232,5513,"Wsparcie szkół i placówek prowadzących kształcenie zawodowe oraz uczniów uczestniczących w kształceniu zawodowym i osób dorosłych uczestniczących w pozaszkolnych formach kształcenia zawodowego w ramach Kontraktów Samorządowych"
26,232,5514,"Wsparcie osób dorosłych, w szczególności osób o niskich kwalifikacjach i osób starszych w zakresie doskonalenia umiejętności wykorzystywania technoglogii informacyjno-komunikacyjnej i porozumiewania się w językach obcych"
26,233,5515,"Infrastruktura zdrowia"
26,233,5516,"Infrastruktura społeczna"
26,233,5517,"Wspieranie rewitalizacji w sferze fizycznej, gospodarczej i społecznej ubogich społeczności i obszarów miejskich i wiejskich"
26,233,5518,"Inwestycje w infrastrukturę podmiotów prowadzących kształcenie ogólne na poziomie podstawowym, gimnazjalnym i ponadgimnazjalnym w ramach Kontraktów Samorządowych"
26,233,5519,"Ośrodki popularyzujące naukę"
26,233,5520,"Ośrodki popularyzujące naukę w ramach Kontraktów Samorządowych"
26,233,5521,"Infrastruktura szkolnictwa zawodowego"
26,233,5522,"Infrastruktura szkolnictwa zawodowego w ramach Kontraktów Samorządowych"
26,233,5523,"Wsparcie rozwoju e-usług publicznych"
26,234,5524,"Wsparcie procesów zarządzania i wdrażania oraz działań informacyjno-promocyjnych RPO WZ"
27,235,5525,"Increase the presence of blue and green sector SMEs from the South Baltic area in international markets through joint cross-border actions"
27,235,5526,"Improve the transfer of innovation for the benefit of blue and green sector SMEs through joint cross-border actions"
27,236,5527,"Increased development of the South Baltic area’s natural and cultural heritage assets into sustainable tourist destinations"
27,236,5528,"Increased use of green technologies in order to decrease the pollution discharges in the South Baltic area"
27,237,5529,"Improve the quality and environmental sustainability of transport services in the South Baltic area"
27,238,5530,"Increase the share of skilled labour force working in blue and green economy sectors of the South Baltic area through joint cross-border actions"
27,239,5531,"Improve the cooperation capacity of local South Baltic area actors through participation in cross-border networks"
27,240,5532,"Technical Assistance"
